ID,Nombre,Categoría,Teléfono,WhatsApp_Estado,URL_Oficial_GitHubPages,URL_Alternativa_Surge,Dirección
"01_VILLA_TOSCANA","Restaurante Villa Toscana Orihuela","Cocina italiana y mediterránea artesanal","+34 692 09 60 96","VERIFICADO (WhatsApp Móvil)","https://fathipor.github.io/demos-orihuela/orihuela/villa-toscana/","https://meson-laposada.surge.sh","Calle San Agustín, 03300 Orihuela, Alicante"
"02_SPEED_LIMIT_CARS","Speed Limit Cars","Taller electromecánica & diagnosis avanzada","+34 609 817 036","VERIFICADO (WhatsApp Móvil)","https://fathipor.github.io/demos-orihuela/orihuela/speed-limit-cars/","https://speedlimit-cars.surge.sh","Calle Sol, 31, 03300 Orihuela, Alicante"
"03_PIZZERIA_LUCCIANA","Pizzería Lucciana","Pizzería artesana italiana","+34 647 02 02 17","VERIFICADO (WhatsApp Móvil)","https://fathipor.github.io/demos-orihuela/orihuela/pizzeria-lucciana/","https://pizzeria-lucciana.surge.sh","Calle Monseñor Espinosa, 2 (Parque Ocarasa), 03300 Orihuela, Alicante"
"04_AUTOESCUELA_ORIHUELA","Autoescuela Orihuela","Formación vial permisos B, A2, CAP","+34 638 829 329","VERIFICADO (WhatsApp Móvil)","https://fathipor.github.io/demos-orihuela/orihuela/autoescuela-orihuela/","https://autoescuela-orihuela.surge.sh","Avda. Duque de Tamames, 37 / Plaza Santiago, 5, 03300 Orihuela, Alicante"
"05_OK_INMOBILIARIA","OK Inmobiliaria","Agencia inmobiliaria en Vega Baja","+34 600 581 200","VERIFICADO (WhatsApp Móvil)","https://fathipor.github.io/demos-orihuela/orihuela/ok-inmobiliaria/","https://ok-inmobiliaria.surge.sh","Avenida Teodomiro / Vega Baja, 03300 Orihuela, Alicante"
"06_REFORMAS_AMR","Reformas Generales AMR","Empresa de reformas integrales, cocinas y baños","+34 635 004 160","VERIFICADO (WhatsApp Móvil)","https://fathipor.github.io/demos-orihuela/orihuela/reformas-amr/","https://reformas-amr.surge.sh","Orihuela y Comarca de la Vega Baja, Alicante"
"07_ARROCERIA_EL_SARMIENTO","Arrocería El Sarmiento","Arroces y paellas a leña de sarmiento","+34 617 263 922","VERIFICADO (WhatsApp Móvil)","https://fathipor.github.io/demos-orihuela/orihuela/arroceria-el-sarmiento/","https://arroceria-elsarmiento.surge.sh","Ctra. Torrevieja-Cartagena km 5,7, 03189 Orihuela Costa, Alicante"
"08_GATSBY_GASTRONOMIA","Gatsby Gastronomía","Gastrobar & cocina mediterránea","+34 651 729 813","VERIFICADO (WhatsApp Móvil)","https://fathipor.github.io/demos-orihuela/orihuela/gatsby-gastronomia/","https://gatsby-orihuela.surge.sh","Centro Histórico, 03300 Orihuela, Alicante"
"09_ZENIA_LOUNGE","Zenia Lounge","Restaurante lounge & terraza cócteles","+34 615 793 198","VERIFICADO (WhatsApp Móvil)","https://fathipor.github.io/demos-orihuela/orihuela/zenia-lounge/","https://zenia-lounge.surge.sh","Orihuela Costa, 03189 Alicante"
"10_PUNTO_AMOR","Punto Amor","Cocina creativa & cócteles","+34 604 478 504","VERIFICADO (WhatsApp Móvil)","https://fathipor.github.io/demos-orihuela/orihuela/punto-amor/","https://punto-amor.surge.sh","Cabo Roig, 03189 Orihuela Costa, Alicante"
"11_ADRIANOS_RESTAURANT","Adriano's Restaurant","Restaurante italiano & mediterráneo","+34 659 687 336","VERIFICADO (WhatsApp Móvil)","https://fathipor.github.io/demos-orihuela/orihuela/adrianos-restaurant/","https://adrianos-orihuela.surge.sh","Orihuela Costa, 03189 Alicante"
"12_CAFETERIA_LAS_MIMOSAS","Cafetería Las Mimosas","Cafetería, desayunos especiales & brunch","+34 711 025 355","VERIFICADO (WhatsApp Móvil)","https://fathipor.github.io/demos-orihuela/orihuela/cafeteria-las-mimosas/","https://cafeteria-lasmimosas.surge.sh","Urb. Los Almendros, 03189 Orihuela Costa, Alicante"
"13_FETTA_NERA","Fetta Nera","Restaurante italiano, tapas & cócteles","+34 711 036 725","VERIFICADO (WhatsApp Móvil)","https://fathipor.github.io/demos-orihuela/orihuela/fetta-nera/","https://fetta-nera.surge.sh","Playa Flamenca, 03189 Orihuela Costa, Alicante"
"14_STETIA_MEDICINA_ESTETICA","STETIA Medicina Estética","Medicina estética avanzada y rejuvenecimiento","+34 625 629 981","VERIFICADO (WhatsApp Móvil)","https://fathipor.github.io/demos-orihuela/orihuela/stetia-medicina-estetica/","https://stetia-orihuela.surge.sh","Calle Oriolanos Ausentes s/n, 03300 Orihuela, Alicante"
"15_CLINICA_DENTAL_CASTILLO","Clínica Dental Castillo","Clínica dental, implantes y ortodoncia","+34 680 120 971","VERIFICADO (WhatsApp Móvil)","https://fathipor.github.io/demos-orihuela/orihuela/clinica-dental-castillo/","https://dental-castillo.surge.sh","Orihuela Centro, 03300 Alicante"
"16_CLINICA_DENTAL_ARTEDENT","Clínica Dental Artedent","Odontología y estética dental","+34 650 207 127","VERIFICADO (WhatsApp Móvil)","https://fathipor.github.io/demos-orihuela/orihuela/clinica-dental-artedent/","https://artedent-orihuela.surge.sh","Orihuela, 03300 Alicante"
"17_FISIOCEN_ORIHUELA","Fisiocen Orihuela","Fisioterapia, osteopatía y rehabilitación","+34 626 003 907","VERIFICADO (WhatsApp Móvil)","https://fathipor.github.io/demos-orihuela/orihuela/fisiocen-orihuela/","https://fisiocen-orihuela.surge.sh","Orihuela, 03300 Alicante"
"18_CLINICA_SANANDA","Clínica Sananda","Centro de fisioterapia y bienestar integral","+34 606 674 900","VERIFICADO (WhatsApp Móvil)","https://fathipor.github.io/demos-orihuela/orihuela/clinica-sananda/","https://clinica-sananda.surge.sh","Orihuela, 03300 Alicante"
"19_TALLERES_VEGADIESEL","Talleres Vegadiesel Castrol Service","Taller mecánico, pre-ITV y mantenimiento oficial Castrol","+34 600 476 896","VERIFICADO (WhatsApp Móvil)","https://fathipor.github.io/demos-orihuela/orihuela/talleres-vegadiesel/","https://talleres-vegadiesel.surge.sh","Ctra. Orihuela-Almoradí, 56 (Barrio Los Huertos), 03300 Orihuela, Alicante"
"20_FONTANERIA_BORJA","Fontanería Borja","Fontanería urgente, instalaciones y calefacción","+34 661 252 447","VERIFICADO (WhatsApp Móvil)","https://fathipor.github.io/demos-orihuela/orihuela/fontaneria-borja/","https://fontaneria-borja.surge.sh","Orihuela y Orihuela Costa, Alicante"